id_koordynatora,imie,nazwisko,email,nr_telefonu,dostepnosc
1,Ela,Mierzejewska,eluwina320@gmail.com,740294829,NULL
2,Anna,Witkowska,anusiak221@interia.pl,849205928,NULL
3,Wojciech,Bagiński,baginiak1718@o2.pl,735857349,NULL
4,Justyna,Wiśniewska,dzasta33@wp.pl,645789396,NULL
5,Kamila,Duda,kamcia.dudus@gmail.com,547392947,NULL
6,Eugenia,Witczak,geniuszek81@gmail.com,978824953,NULL
7,Jerzy,Chodnicki,juru.lubi.pomidory@wp.pl,864583433,NULL
8,Grażyna,Chodnicka,grazka.grazka@interia.pl,575873830,NULL
9,Celina,Wałkuska,wal.cela@gmail.com,584939027,NULL
10,Izabela,Korytkowska,korytka318@o2.pl,572874592,NULL
11,Andrzej,Piątek,wiaderko.internetu@wp.pl,609303484,NULL
12,Krzysztof,Sobczyński,sopel@gmail.com,883904837,NULL
13,Piotr,Arnister,nister.pieta@wp.pl,647894966,NULL
14,Justyna,Pączek,paczekzdzemem@interia.pl,880294883,NULL
15,Weronika,Zabielska,weo31biela@wp.pl,864038594,NULL
16,Karolina,Dąbrowska,debowa683wera@gmail.com,685983090,NULL
17,Klaudia,Konopka,konopianka00@o2.pl,789940582,NULL
18,Jakub,Mieczkowski,kubek.kawy@interia.pl,506859855,NULL
19,Ewa,Zakreta,krecik993@gmail.com,869489689,NULL
20,Anna,Jankowska,jankowska.anna@gmail.com,878689935,NULL
21,Magdalena,Wilk,auuuuuu@wp.pl,898498635,NULL
22,Wiktoria,Olbryś,olbry44@o2.pl,502987295,NULL
23,Aleksandra,Korzeniecka,korzenie3446457@gmail.com,920580564,NULL
24,Aleksandra,Piotrowska,ola.korzeniecka77@interia.pl,793405930,NULL
25,Karol,Napiórkowski,karo.trefl@wp.pl,798798909,NULL
26,Marcin,Kulikowski,kulik.mar33@interia.pl,988865944,NULL
